name_on_card,card_type,card_number,expiration_month,expiration_year
Suman Murray,Visa,4556131933556832,05,2022
Mitchel Schofield,Visa,4539805585369469,01,2023
Anja Espinoza,Visa,4532941240842835,12,2026
Fox Trujillo,Visa,4539832562010767,09,2024
Jobe Abbott,Visa,4024007197495376,10,2025
Shaan Monroe,Visa,4455579083184247,11,2023
Billie-Jo Mcfarland,MasterCard,5286870295706949,08,2022
Leyla Oconnor,MasterCard,5413189481482173,02,2029
Alfie-Jay Gould,MasterCard,5284259834400705,04,2026
Viktor Clemons,MasterCard,5154194577050010,01,2024
Kailum Velez,MasterCard,5444382845893937,03,2029
Nettie Waters,MasterCard,5517734068293082,06,2027
Myron Iles,Discover,6011444482735648,10,2023
Vivian Pierce,Discover,6011133119754995,09,2025
Irene Worthington,Discover,6011832635328768,05,2024
Timur Talbot,Discover,6011558175620732,07,2027
Inara Kaiser,Discover,6011235590465627,03,2023
Mae Galindo,Discover,6011097118681360,01,2027
Ruby-Leigh Acevedo,Discover,6011880785334045,02,2028
