name,email_address,phone_number,password
Suman Murray,osaru@me.com,201-202-1834,rPC+38P=BTZ4+Pd
Mitchel Schofield,smeier@gmail.com,201-207-5400,K5%MvrD$RNE8fJH
Anja Espinoza,tsuruta@yahoo.com,201-208-0445,MwsjbQ&5NjbLUAJ
Fox Trujillo,burns@optonline.net,201-214-4987,4G&RJGKn3mw!a5@
Jobe Abbott,mcast@icloud.com,201-215-0486,q58g?5d&hRkJ+Y3
Shaan Monroe,amcuri@hotmail.com,201-216-8879,R$eNc*4*FSUWQ2Q
Billie-Jo Mcfarland,kassiesa@sbcglobal.net,201-220-4666,Ba&2q6xa7WCtk6V
Leyla Oconnor,srour@gmail.com,201-221-2477,Be$GV%aKJqE4Xhm
Alfie-Jay Gould,chaffar@optonline.net,201-232-3713,CbC9mfM^Ff-csFn
Viktor Clemons,lamky@sbcglobal.net,201-234-1114,AC4%Rs?a4eRX@yc
Kailum Velez,specprog@sbcglobal.net,201-235-5725,yT2C@5pK&svzJ_E
Nettie Waters,timlinux@sbcglobal.net,201-237-9068,4+&VuUs6yPnQ%F&
Myron Iles,mhassel@me.com,201-239-5639,zsBfq_rxsWV+4tL
Vivian Pierce,debest@outlook.com,201-240-4426,49-zBrZ#FpKQ&_X
Irene Worthington,jlbaumga@me.com,201-242-1436,KeM-fr-sx4#_Epy
Timur Talbot,corrada@verizon.net,201-243-2521,vH@QxkHN44ax4$C
Inara Kaiser,syrinx@outlook.com,201-247-4099,X24yx^v*V3vWRcm
Mae Galindo,kohlis@live.com,201-251-1474,83pD2Rb5HD$aaKF
Ruby-Leigh Acevedo,rnelson@live.com,201-255-4489,w3EBEsSp!&cCncV
